subs_pos,subs_rate
1,0.0
2,0.0
3,0.0
4,3.4136901777465806e-06
5,2.1335563610916127e-06
6,2.1335563610916127e-06
7,8.534225444366451e-06
8,2.0908852338697804e-05
9,1.9628718522042838e-05
10,3.7550591955212385e-05
11,6.443340210496671e-05
12,7.254091627711483e-05
13,0.00012331955767109522
14,0.00015873659326521599
15,0.00016684410743736413
16,0.00023511791099229572
17,0.0002496260942477187
18,0.00033454163741916486
19,0.00036782511665219404
20,0.000501385744856529
21,0.0005624054567837492
22,0.0006097704079999829
23,0.0007505851278320294
24,0.000855982812069955
25,0.0009754619682910854
26,0.0011768696887781336
27,0.0012997625351770104
28,0.0015003168331196221
29,0.0018779563090328376
30,0.0023183223419621464
31,0.0030501321738165697
32,0.004311063983221713
33,0.0066511486000669934
34,0.008751421481925578
35,0.010092575010507764
36,0.011631295858127036
37,0.013340274503361418
38,0.015345817482787533
39,0.01776612381880986
40,0.021035585586546647
41,0.023457172056385627
42,0.02583779424409165
43,0.02689347793155978
44,0.027425586888016027
45,0.02730098719652828
46,0.026685242830717236
47,0.025899667378563307
48,0.025491304691050373
49,0.026122837373933488
50,0.027224605878801197
51,0.029044956166084563
52,0.030785084734190882
53,0.03262549045126851
54,0.03397176451511731
55,0.0351964258663839
56,0.0361232427496421
57,0.03655379442331038
58,0.03662718876213193
59,0.0366101203112432
60,0.03631568953341256
61,0.03589836590918304
62,0.03530182355062182
63,0.03482732061591505
64,0.03439207511825236
65,0.03390562426792347
66,0.03360052570828737
67,0.03337778242418941
68,0.03312815632994169
69,0.032916080827649186
70,0.0329980093919151
71,0.03277398597400048
72,0.032864448763710766
73,0.032872556277882915
74,0.03283287212956661
75,0.03294467048288781
76,0.0330539085685757
77,0.03302275864570377
78,0.0329536314196044
79,0.033009530596265
80,0.032908400024749256
81,0.03296984644794869
82,0.03298264778611524
83,0.03296813960285982
84,0.03318021510515232
85,0.03313797068920271
86,0.03315247887245813
87,0.032833725552111045
88,0.032757344234383964
89,0.03308932560416982
90,0.032883650770960594
91,0.03318704248550782
92,0.03296344577886542
93,0.03302446549079264
94,0.03298222107484303
95,0.03301123744135387
96,0.03302403877952042
97,0.03314906518228039
98,0.03299246214537627
99,0.03310895432269186
100,0.03315717269645253
101,0.033192589732046654
102,0.03301081073008165
103,0.03302105180061489
104,0.032915654116376966
105,0.0332122184505687
106,0.03315503914009144
107,0.033231420457818524
108,0.03300654361735947
109,0.03300441006099838
110,0.03319045617568556
111,0.03305006816712574
112,0.032910960292382566
113,0.03293058901090461
114,0.0328815172145995
115,0.03300014294827619
116,0.03273899564967858
117,0.032844393333916505
118,0.032843966622644286
119,0.032850794002999784
120,0.032847380312822035
121,0.03274027578349523
122,0.03271766008606766
123,0.03276203805837837
124,0.03250515787250294
125,0.03247912848489762
126,0.032471020970725475
127,0.03243133682240917
128,0.032410854681342686
129,0.03250259760486963
130,0.032444564871847936
131,0.032322952159265714
132,0.03225894546843297
133,0.032357942483587615
134,0.032330632962165644
135,0.03225169137680525
136,0.03211343692460652
137,0.03220133944668349
138,0.03222523527792772
139,0.032398906765720575
140,0.03223078252446656
141,0.032372877378115256
142,0.03208527398064011
143,0.03207631304392353
144,0.0322248085666555
145,0.031956833887702395
146,0.03201913373344627
147,0.031964941401874544
148,0.03173281046978778
149,0.03180193769588714
150,0.03179468360425943
151,0.03172811664579337
152,0.031549324622733896
153,0.031626559363005416
154,0.03148233095299562
155,0.031501106248973225
156,0.03139016131819646
157,0.03125873424635322
158,0.031170831724276243
159,0.031038977941160784
160,0.030844824312301445
161,0.030531618238493197
162,0.030563194872637353
163,0.030092959050652762
164,0.030043460543075436
165,0.029662407376984473
166,0.029377364247142636
167,0.02918491746337217
168,0.02892035647459681
169,0.02847017608240648
170,0.02805583943708249
171,0.027517756522815184
172,0.027049654257191684
173,0.02625767813595448
174,0.02588345235021901
175,0.025439672627111953
176,0.024594357596847458
177,0.024139483380662727
178,0.023216506898854492
179,0.022503899074249895
180,0.021875780081544526
181,0.02086191409875379
182,0.020066524287338836
183,0.019297590574801418
184,0.018227398704077868
185,0.017047968747666422
186,0.015903102404304665
187,0.014826936575770054
188,0.01369828526075259
189,0.012427965803358644
190,0.011074437647882126
191,0.01004521005929153
192,0.008894369758118715
193,0.007923601613822032
194,0.006954540314614221
195,0.006025163163722714
196,0.00534455868453449
197,0.004636644683924293
198,0.004183050601556216
199,0.0037431112798991255
200,0.003437159297718588
201,0.0031836928020209047
202,0.003009594602955829
203,0.0028453107631517746
204,0.0027574082410748006
205,0.002802212924657724
206,0.0028282423122630417
207,0.0028807277987458954
208,0.0029494283135730456
209,0.003031783589111182
210,0.003104751216660515
211,0.0032907973313477034
212,0.0033556574447248886
213,0.0034107031988410523
214,0.003577974017550635
215,0.0036581957367276792
216,0.003796876900198634
217,0.003941105310208427
218,0.003909101964792053
219,0.0041160569318179395
220,0.004148486988506532
221,0.004172382819750758
222,0.004319171497393861
223,0.004311917405766149
224,0.004335386525738157
225,0.00441347468855411
226,0.004383604899498828
227,0.004462973196131436
228,0.004490709428825627
229,0.004454012259414851
230,0.004422435625270695
231,0.004375924096598898
232,0.00441603495618742
233,0.004500950499358866
234,0.004417315090004075
235,0.004401953484204216
236,0.004363122758432348
237,0.0043648296035212215
238,0.004346907730088052
239,0.00442115549145404
240,0.004340933772276996
241,0.0043686700049711865
242,0.0043661097373378765
243,0.0042991160675996
244,0.004437370519798336
245,0.004407500730743054
246,0.004354161821715764
247,0.004398113082754251
248,0.004465533463764745
249,0.004440784209976083
250,0.004308930426860621
251,0.004339653638460341
252,0.0044663868863091824
253,0.0045705044367304526
254,0.004481748492109042
255,0.004509058013531015
256,0.004481321780836823
257,0.004477908090659077
258,0.00440835415328749
259,0.004524419619330874
260,0.004520579217880909
261,0.004485588893559007
262,0.004488149161192317
263,0.004516312105158726
264,0.004578185239630383
265,0.004606774894869011
266,0.004565810612736051
267,0.004535087401136332
268,0.004571784570547108
269,0.004543621626580698
270,0.004478761513203514
271,0.004606774894869011
272,0.004611042007591193
273,0.004669928163157322
274,0.0046212830781244335
275,0.00462725703593549
276,0.004646885754457533
277,0.004582025641080348
278,0.004581598929808129
279,0.004634511127563201
280,0.00455855652110834
281,0.0045739181269082
282,0.0046264036133910535
283,0.0045444750491251355
284,0.004638351529013166
285,0.00456623732400827
286,0.004596960535607989
287,0.004549168873119537
288,0.004521432640425346
289,0.004561970211286086
290,0.004515031971342071
291,0.004435663674709463
292,0.004453158836870415
293,0.004536794246225205
294,0.004504790900808831
295,0.004477481379386859
296,0.00453295384477524
297,0.004551729140752847
298,0.004502230633175521
299,0.0044689471539424925
300,0.0044454780339704845
301,0.004487722449920098
302,0.004514178548797635
303,0.004482601914653478
304,0.004455292393231506
305,0.004456999238320379
306,0.004487722449920098
307,0.0044480383016037945
308,0.004478334801931295
309,0.004447184879059357
310,0.004419875357637385
311,0.004458706083409252
312,0.0044194486463651666
313,0.004442491055064956
314,0.004443771188881611
315,0.004485162182286788
316,0.004390432279854321
317,0.004445051322698266
318,0.0042671127221832255
319,0.004391712413670976
320,0.0042931421097885435
321,0.004273086679994282
322,0.004220601193511428
323,0.00418219717901178
324,0.004192438249545019
325,0.00415659450267868
326,0.004120750755812341
327,0.004035835212640895
328,0.004109229551462446
329,0.003967988120358181
330,0.003978655902163639
331,0.003940251887663991
332,0.003929157394586314
333,0.003903981429525433
334,0.003804984414370782
335,0.003812238505998494
336,0.0036978798850439832
337,0.0036244855462224316
338,0.003562612411750775
339,0.0034525209035184477
340,0.0034136901777465805
341,0.0033513903320027054
342,0.0033279212120306974
343,0.0032656213662868227
344,0.0031004841039383316
345,0.002994659708428188
346,0.0029733241448172717
347,0.002876887397295931
348,0.0027731965581468784
349,0.002649877000475783
350,0.0025180232173603215
351,0.0025013814777438068
352,0.002369100983356127
353,0.0022312732424296087
354,0.002118194755291753
355,0.002024318275403722
356,0.0019266013940657262
357,0.0017921873433169547
358,0.00171964642703984
359,0.001612541897713041
360,0.0015165318614639184
361,0.0014222286703036691
362,0.0012890947533715524
363,0.0012417298021553187
364,0.0012097264567389444
365,0.0010774459623512644
366,0.0010300810111350306
367,0.0010232536307795376
368,0.000937911376335873
369,0.0009195627916304851
370,0.0008623834811532299
371,0.0008401944949978772
372,0.0008474485866255886
373,0.0007834418957928403
374,0.0007578392194597408
375,0.0007292495642211133
376,0.0007390639234821347
377,0.0007160215147823453
378,0.000684018169365971
379,0.0007505851278320294
380,0.0006959660849880841
381,0.0006934058173547742
382,0.0006818846130048794
383,0.000684018169365971
384,0.0007062071555213238
385,0.0006729236762882946
386,0.000672070253743858
387,0.0006946859511714292
388,0.0006899921271770275
389,0.0007113276907879437
390,0.0006878585708159359
391,0.0006925523948103376
392,0.0007083407118824154
393,0.0006703634086549847
394,0.0006353730843330822
395,0.0006810311904604428
396,0.0006614024719384
397,0.0006797510566437878
398,0.0006272655701609342
399,0.0006797510566437878
400,0.0006614024719384
401,0.0006592689155773084
402,0.0006550018028551252
403,0.0006554285141273435
404,0.0006247053025276242
405,0.0006033697389167081
406,0.0005867279993001935
407,0.000608490274183328
408,0.0005897149782057218
409,0.0006328128166997723
410,0.0006089169854555463
411,0.0005722198160447705
412,0.0005854478654835386
413,0.0006008094712833982
414,0.0006037964501889264
415,0.0005811807527613554
416,0.0005730732385892072
417,0.0005901416894779401
418,0.0005717931047725522
419,0.0005645390131448408
420,0.0005948355134723416
421,0.0005918485345668134
422,0.000605930006550018
423,0.000579473907672482
424,0.0005764869287669537
425,0.0005880081331168485
426,0.0005769136400391721
427,0.0005905684007501584
428,0.0005376562029950864
429,0.0005393630480839597
430,0.0005713663935003339
431,0.0005871547105724119
432,0.0005956889360167783
433,0.0005662458582337141
434,0.0005858745767557569
435,0.0005824608865780103
436,0.00059270195711125
437,0.0005978224923778699
438,0.0005598451891504392
439,0.0005905684007501584
440,0.0005726465273169889
441,0.0005799006189447003
442,0.000579473907672482
443,0.00059270195711125
444,0.0005632588793281858
445,0.0005589917666060025
446,0.000568806125867024
447,0.000583314309122447
448,0.0005845944429391019
449,0.0005500308298894178
450,0.0005875814218446302
451,0.0005474705622561079
452,0.0005606986116948758
453,0.0005760602174947354
454,0.0005811807527613554
455,0.0005824608865780103
456,0.0005730732385892072
457,0.0005615520342393124
458,0.0005884348443890668
459,0.000568806125867024
460,0.0005363760691784314
461,0.0005551513651560376
462,0.0005500308298894178
463,0.0005722198160447705
464,0.0005777670625836087
465,0.0005666725695059324
466,0.0005581383440615659
467,0.0005679527033225873
468,0.0005585650553337842
469,0.0005645390131448408
470,0.0005581383440615659
471,0.0005414966044450513
472,0.0005666725695059324
473,0.0005645390131448408
474,0.0005713663935003339
475,0.0005615520342393124
476,0.0005504575411616361
477,0.0005653924356892774
478,0.0005564314989726926
479,0.0005641123018726225
480,0.0005487506960727628
481,0.000543630160806143
482,0.0005231480197396634
483,0.0005312555339118116
484,0.0005295486888229383
485,0.0005508842524338544
486,0.000525281576100755
487,0.0005197343295619169
488,0.0005176007732008253
489,0.0005423500269894879
490,0.0004996788997676557
491,0.0005073597026675856
492,0.0005316822451840299
493,0.0004962652095899091
494,0.0005265617099174101
495,0.0004992521884954374
496,0.0004830371601511411
497,0.000461701596540225
498,0.00045487421618473187
499,0.0004766364910678663
500,0.0004685289768957182
501,0.0004429263005626188
502,0.0004591413289069151
503,0.00044633999074036537
504,0.0004348187863904707
505,0.0004309783849405058
506,0.0004045222860629698
507,0.0004143366453239912
508,0.00041561677914064615
509,0.00039385450425751174
510,0.00038873396899089186
511,0.0003767860533687788
512,0.0003639847152022291
513,0.0003537436446689894
514,0.00033027452469698164
515,0.00033368821487472826
516,0.0003285676796081084
517,0.0003213135879803969
518,0.0003328347923302916
519,0.00030765882726941057
520,0.0003097923836305022
521,0.00027309521421972643
522,0.0002722417916752898
523,0.00025090622806437366
524,0.00025602676333099354
525,0.00023042408699789417
526,0.00024237200262000721
527,0.0002287172419090209
528,0.00021292892483694295
529,0.00019330020631490012
530,0.00020908852338697806
531,0.00019415362885933675
532,0.00018049886814835043
533,0.0001681242412540191
534,0.0001762317554261672
535,0.0001591633045374343
536,0.00015830988199299766
537,0.00015745645944856103
538,0.00014508183255422966
539,0.0001476421001875396
540,0.00014124143110426477
541,0.0001378277409265182
542,0.00013270720565989832
543,0.00013910787474317315
544,0.00012886680420993342
545,0.00010753124059901728
546,0.00011222506459341883
547,0.00012459969148775017
548,0.00014081471983204644
549,0.00012203942385444025
550,0.00012161271258222193
551,0.00012459969148775017
552,0.00010838466314345392
553,0.00011563875477116541
554,0.00011222506459341883
555,0.00010539768423792567
556,8.960936716584774e-05
557,0.00010283741660461573
558,0.000105824395510144
559,0.00011307848713785548
560,0.00010241070533239742
561,0.00010326412787683406
562,0.00011094493077676386
563,9.515661370468593e-05
564,9.729017006577754e-05
565,9.857030388243251e-05
566,8.662238826031948e-05
567,8.406212062700954e-05
568,8.448883189922787e-05
569,9.216963479915767e-05
570,8.790252207697445e-05
571,8.960936716584774e-05
572,8.662238826031948e-05
573,8.491554317144619e-05
574,8.662238826031948e-05
575,7.510118391042477e-05
576,9.131621225472103e-05
577,8.107514172148129e-05
578,7.595460645486141e-05
579,7.55278951826431e-05
580,8.15018529936996e-05
581,7.766145154373471e-05
582,6.99806486438049e-05
583,7.851487408817135e-05
584,7.936829663260799e-05
585,8.064843044926296e-05
586,7.296762754933316e-05
587,7.55278951826431e-05
588,7.936829663260799e-05
589,8.022171917704463e-05
590,8.278198681035457e-05
591,7.168749373267819e-05
592,7.595460645486141e-05
593,7.55278951826431e-05
594,7.510118391042477e-05
595,7.296762754933316e-05
596,6.784709228271328e-05
597,8.491554317144619e-05
598,8.235527553813626e-05
599,8.534225444366451e-05
600,7.894158536038968e-05
601,8.15018529936996e-05
602,7.55278951826431e-05
603,7.979500790482632e-05
604,8.022171917704463e-05
605,7.211420500489652e-05
606,7.168749373267819e-05
607,6.699366973827664e-05
608,7.808816281595302e-05
609,8.70490995325378e-05
610,7.680802899929805e-05
611,7.083407118824155e-05
612,7.211420500489652e-05
613,7.979500790482632e-05
614,7.38210500937698e-05
615,7.979500790482632e-05
616,7.808816281595302e-05
617,7.296762754933316e-05
618,7.766145154373471e-05
619,8.022171917704463e-05
620,6.955393737158658e-05
621,6.870051482714994e-05
622,6.016628938278348e-05
623,8.235527553813626e-05
624,7.55278951826431e-05
625,6.827380355493161e-05
626,7.808816281595302e-05
627,7.936829663260799e-05
628,7.936829663260799e-05
629,7.723474027151638e-05
630,6.486011337718503e-05
631,6.827380355493161e-05
632,7.467447263820644e-05
633,6.528682464940335e-05
634,7.467447263820644e-05
635,7.254091627711483e-05
636,7.510118391042477e-05
637,7.510118391042477e-05
638,7.424776136598813e-05
639,6.656695846605832e-05
640,7.083407118824155e-05
641,7.467447263820644e-05
642,6.955393737158658e-05
643,7.211420500489652e-05
644,7.424776136598813e-05
645,6.827380355493161e-05
646,7.467447263820644e-05
647,7.38210500937698e-05
648,6.0593000655001804e-05
649,5.9739578110565155e-05
650,6.912722609936825e-05
651,6.1019711927220125e-05
652,6.656695846605832e-05
653,6.99806486438049e-05
654,7.168749373267819e-05
655,7.040735991602322e-05
656,7.211420500489652e-05
657,6.400669083274838e-05
658,6.742038101049497e-05
659,6.912722609936825e-05
660,6.656695846605832e-05
661,5.461904284394529e-05
662,6.443340210496671e-05
663,7.083407118824155e-05
664,6.955393737158658e-05
665,7.211420500489652e-05
666,6.99806486438049e-05
667,6.1019711927220125e-05
668,5.9739578110565155e-05
669,5.9739578110565155e-05
670,5.589917666060025e-05
671,5.419233157172696e-05
672,4.949850757732542e-05
673,5.504575411616361e-05
674,5.589917666060025e-05
675,5.461904284394529e-05
676,5.376562029950864e-05
677,4.992521884954374e-05
678,4.949850757732542e-05
679,4.992521884954374e-05
680,5.205877521063535e-05
681,4.73649512162338e-05
682,4.651152867179716e-05
683,4.480468358292387e-05
684,4.181770467739561e-05
685,4.309783849405058e-05
686,4.181770467739561e-05
687,3.8830725771867354e-05
688,3.328347923302916e-05
689,3.6270458138557415e-05
690,3.243005668859251e-05
691,3.4563613049684125e-05
692,3.4136901777465804e-05
693,3.9684148316303996e-05
694,3.072321159971922e-05
695,3.840401449964903e-05
696,3.328347923302916e-05
697,3.157663414415587e-05
698,2.5602676333099355e-05
699,2.858965523862761e-05
700,2.9443077783064257e-05
701,3.328347923302916e-05
702,2.0482141066479483e-05
703,2.6456098877536e-05
704,2.3895831244226064e-05
705,2.005542979426116e-05
706,2.9443077783064257e-05
707,2.517596506088103e-05
708,2.2188986155352773e-05
709,2.2188986155352773e-05
710,2.3895831244226064e-05
711,1.834858470538787e-05
712,2.3895831244226064e-05
713,2.176227488313445e-05
714,2.0482141066479483e-05
715,2.474925378866271e-05
716,1.9202007249824513e-05
717,1.7921873433169547e-05
718,2.304240869978942e-05
719,1.7068450888732902e-05
720,1.4508183255422966e-05
721,1.7495162160951226e-05
722,1.3228049438768e-05
723,1.5788317072077936e-05
724,1.4508183255422966e-05
725,1.5788317072077936e-05
726,1.0241070533239741e-05
727,1.4081471983204645e-05
728,8.960936716584774e-06
729,1.3654760710986323e-05
730,1.664173961651458e-05
731,1.3654760710986323e-05
732,1.4934894527641289e-05
733,1.834858470538787e-05
734,1.1947915622113032e-05
735,1.1094493077676387e-05
736,1.2801338166549677e-05
737,1.4934894527641289e-05
738,1.4934894527641289e-05
739,1.152120434989471e-05
740,1.3654760710986323e-05
741,1.2374626894331355e-05
742,1.0241070533239741e-05
743,1.152120434989471e-05
744,1.2374626894331355e-05
745,1.4934894527641289e-05
746,1.0667781805458064e-05
747,1.2374626894331355e-05
748,9.387647988803096e-06
749,1.4081471983204645e-05
750,1.3654760710986323e-05
751,1.2374626894331355e-05
752,1.2374626894331355e-05
753,9.387647988803096e-06
754,9.387647988803096e-06
755,1.1947915622113032e-05
756,9.387647988803096e-06
757,8.107514172148128e-06
758,6.827380355493161e-06
759,1.0667781805458064e-05
760,1.1094493077676387e-05
761,8.534225444366451e-06
762,9.814359261021419e-06
763,7.680802899929806e-06
764,1.0667781805458064e-05
765,1.2801338166549677e-05
766,1.152120434989471e-05
767,9.387647988803096e-06
768,1.1947915622113032e-05
769,6.827380355493161e-06
770,8.534225444366451e-06
771,9.814359261021419e-06
772,1.0241070533239741e-05
773,9.814359261021419e-06
774,1.0667781805458064e-05
775,1.2374626894331355e-05
776,8.534225444366451e-06
777,7.680802899929806e-06
778,5.547246538838193e-06
779,8.107514172148128e-06
780,1.1094493077676387e-05
781,1.152120434989471e-05
782,6.827380355493161e-06
783,9.814359261021419e-06
784,1.0241070533239741e-05
785,8.960936716584774e-06
786,8.534225444366451e-06
787,9.814359261021419e-06
788,1.0241070533239741e-05
789,1.1947915622113032e-05
790,1.4081471983204645e-05
791,7.254091627711483e-06
792,1.2374626894331355e-05
793,1.152120434989471e-05
794,8.107514172148128e-06
795,8.960936716584774e-06
796,8.107514172148128e-06
797,5.973957811056516e-06
798,6.827380355493161e-06
799,1.0667781805458064e-05
800,8.960936716584774e-06
801,8.107514172148128e-06
802,8.107514172148128e-06
803,8.107514172148128e-06
804,7.254091627711483e-06
805,1.0667781805458064e-05
806,1.152120434989471e-05
807,6.827380355493161e-06
808,1.152120434989471e-05
809,1.2801338166549677e-05
810,1.1947915622113032e-05
811,1.3654760710986323e-05
812,1.0667781805458064e-05
813,1.0241070533239741e-05
814,8.960936716584774e-06
815,7.254091627711483e-06
816,7.254091627711483e-06
817,8.960936716584774e-06
818,7.254091627711483e-06
819,6.400669083274839e-06
820,5.973957811056516e-06
821,8.107514172148128e-06
822,6.400669083274839e-06
823,8.107514172148128e-06
824,5.547246538838193e-06
825,8.534225444366451e-06
826,5.120535266619871e-06
827,6.400669083274839e-06
828,7.680802899929806e-06
829,6.827380355493161e-06
830,5.973957811056516e-06
831,7.680802899929806e-06
832,7.254091627711483e-06
833,8.107514172148128e-06
834,6.827380355493161e-06
835,8.534225444366451e-06
836,8.534225444366451e-06
837,7.254091627711483e-06
838,7.680802899929806e-06
839,9.387647988803096e-06
840,9.814359261021419e-06
841,9.814359261021419e-06
842,1.2374626894331355e-05
843,5.547246538838193e-06
844,5.120535266619871e-06
845,5.120535266619871e-06
846,4.693823994401548e-06
847,4.693823994401548e-06
848,7.254091627711483e-06
849,5.973957811056516e-06
850,7.680802899929806e-06
851,4.693823994401548e-06
852,4.693823994401548e-06
853,5.973957811056516e-06
854,6.400669083274839e-06
855,3.840401449964903e-06
856,7.254091627711483e-06
857,3.840401449964903e-06
858,4.693823994401548e-06
859,6.827380355493161e-06
860,5.973957811056516e-06
861,3.4136901777465806e-06
862,2.986978905528258e-06
863,4.693823994401548e-06
864,2.1335563610916127e-06
865,4.2671127221832255e-06
866,3.4136901777465806e-06
867,5.120535266619871e-06
868,4.693823994401548e-06
869,4.2671127221832255e-06
870,5.973957811056516e-06
871,2.1335563610916127e-06
872,3.4136901777465806e-06
873,3.840401449964903e-06
874,4.2671127221832255e-06
875,3.840401449964903e-06
876,2.986978905528258e-06
877,1.7068450888732903e-06
878,2.986978905528258e-06
879,4.2671127221832255e-06
880,1.7068450888732903e-06
881,2.5602676333099354e-06
882,3.4136901777465806e-06
883,3.4136901777465806e-06
884,3.4136901777465806e-06
885,2.5602676333099354e-06
886,3.840401449964903e-06
887,1.7068450888732903e-06
888,3.840401449964903e-06
889,2.986978905528258e-06
890,3.4136901777465806e-06
891,2.5602676333099354e-06
892,1.2801338166549677e-06
893,2.986978905528258e-06
894,2.1335563610916127e-06
895,2.1335563610916127e-06
896,1.7068450888732903e-06
897,2.986978905528258e-06
898,1.7068450888732903e-06
899,1.2801338166549677e-06
900,4.267112722183226e-07
901,8.534225444366452e-07
902,2.1335563610916127e-06
903,2.1335563610916127e-06
904,2.986978905528258e-06
905,8.534225444366452e-07
906,1.7068450888732903e-06
907,1.7068450888732903e-06
908,2.1335563610916127e-06
909,8.534225444366452e-07
910,2.5602676333099354e-06
911,1.7068450888732903e-06
912,1.7068450888732903e-06
913,1.2801338166549677e-06
914,1.7068450888732903e-06
915,2.1335563610916127e-06
916,1.7068450888732903e-06
917,4.267112722183226e-07
918,3.4136901777465806e-06
919,4.267112722183226e-07
920,4.267112722183226e-07
921,4.267112722183226e-07
922,1.7068450888732903e-06
923,4.267112722183226e-07
924,2.5602676333099354e-06
925,8.534225444366452e-07
926,1.7068450888732903e-06
927,2.5602676333099354e-06
928,1.7068450888732903e-06
929,4.267112722183226e-07
930,2.1335563610916127e-06
931,2.5602676333099354e-06
932,3.4136901777465806e-06
933,2.5602676333099354e-06
934,8.534225444366452e-07
935,2.5602676333099354e-06
936,2.5602676333099354e-06
937,2.5602676333099354e-06
938,1.2801338166549677e-06
939,2.1335563610916127e-06
940,2.5602676333099354e-06
941,2.986978905528258e-06
942,1.7068450888732903e-06
943,1.7068450888732903e-06
944,1.2801338166549677e-06
945,8.534225444366452e-07
946,2.5602676333099354e-06
947,1.2801338166549677e-06
948,2.986978905528258e-06
949,2.5602676333099354e-06
950,2.1335563610916127e-06
951,2.1335563610916127e-06
952,1.2801338166549677e-06
953,2.1335563610916127e-06
954,4.267112722183226e-07
955,3.840401449964903e-06
956,1.2801338166549677e-06
957,2.5602676333099354e-06
958,8.534225444366452e-07
959,1.7068450888732903e-06
960,2.1335563610916127e-06
961,8.534225444366452e-07
962,1.7068450888732903e-06
963,2.1335563610916127e-06
964,2.1335563610916127e-06
965,2.1335563610916127e-06
966,1.7068450888732903e-06
967,1.2801338166549677e-06
968,1.2801338166549677e-06
969,4.267112722183226e-07
970,8.534225444366452e-07
971,1.2801338166549677e-06
972,1.7068450888732903e-06
973,4.267112722183226e-07
974,1.2801338166549677e-06
975,1.2801338166549677e-06
976,8.534225444366452e-07
977,1.2801338166549677e-06
978,4.267112722183226e-07
979,8.534225444366452e-07
980,4.267112722183226e-07
981,1.7068450888732903e-06
982,4.267112722183226e-07
983,8.534225444366452e-07
984,8.534225444366452e-07
985,0.0
986,4.267112722183226e-07
987,8.534225444366452e-07
988,1.2801338166549677e-06
989,2.986978905528258e-06
990,1.2801338166549677e-06
991,1.2801338166549677e-06
992,4.267112722183226e-07
993,1.7068450888732903e-06
994,1.2801338166549677e-06
995,0.0
996,4.267112722183226e-07
997,8.534225444366452e-07
998,8.534225444366452e-07
999,2.1335563610916127e-06
1000,2.1335563610916127e-06
1001,8.534225444366452e-07
1002,2.1335563610916127e-06
1003,4.267112722183226e-07
1004,4.267112722183226e-07
1005,1.2801338166549677e-06
1006,1.7068450888732903e-06
1007,0.0
1008,8.534225444366452e-07
1009,8.534225444366452e-07
1010,4.267112722183226e-07
1011,8.534225444366452e-07
1012,4.267112722183226e-07
1013,1.2801338166549677e-06
1014,1.2801338166549677e-06
1015,1.7068450888732903e-06
1016,8.534225444366452e-07
1017,1.2801338166549677e-06
1018,1.2801338166549677e-06
1019,8.534225444366452e-07
1020,1.7068450888732903e-06
1021,1.2801338166549677e-06
1022,2.5602676333099354e-06
1023,4.267112722183226e-07
1024,1.7068450888732903e-06
1025,1.2801338166549677e-06
1026,8.534225444366452e-07
1027,4.267112722183226e-07
1028,8.534225444366452e-07
1029,8.534225444366452e-07
1030,8.534225444366452e-07
1031,0.0
1032,4.267112722183226e-07
1033,4.267112722183226e-07
1034,4.267112722183226e-07
1035,8.534225444366452e-07
1036,4.267112722183226e-07
1037,8.534225444366452e-07
1038,8.534225444366452e-07
1039,4.267112722183226e-07
1040,4.267112722183226e-07
1041,8.534225444366452e-07
1042,4.267112722183226e-07
1043,8.534225444366452e-07
1044,4.267112722183226e-07
1045,8.534225444366452e-07
1046,1.7068450888732903e-06
1047,4.267112722183226e-07
1048,0.0
1049,1.2801338166549677e-06
1050,4.267112722183226e-07
1051,8.534225444366452e-07
1052,8.534225444366452e-07
1053,8.534225444366452e-07
1054,4.267112722183226e-07
1055,8.534225444366452e-07
1056,4.267112722183226e-07
1057,8.534225444366452e-07
1058,4.267112722183226e-07
1059,0.0
1060,4.267112722183226e-07
1061,4.267112722183226e-07
1062,0.0
1063,8.534225444366452e-07
1064,4.267112722183226e-07
1065,0.0
1066,4.267112722183226e-07
1067,0.0
1068,0.0
1069,0.0
1070,4.267112722183226e-07
1071,8.534225444366452e-07
1072,0.0
1073,0.0
1074,0.0
1075,0.0
1076,0.0
1077,0.0
1078,0.0
1079,0.0
1080,0.0
1081,0.0
1082,4.267112722183226e-07
1083,8.534225444366452e-07
1084,8.534225444366452e-07
1085,4.267112722183226e-07
1086,4.267112722183226e-07
1087,4.267112722183226e-07
1088,4.267112722183226e-07
1089,4.267112722183226e-07
1090,0.0
1091,4.267112722183226e-07
1092,0.0
1093,0.0
1094,4.267112722183226e-07
1095,0.0
1096,4.267112722183226e-07
1097,0.0
1098,8.534225444366452e-07
1099,0.0
1100,0.0
1101,1.2801338166549677e-06
1102,0.0
1103,4.267112722183226e-07
1104,0.0
1105,4.267112722183226e-07
1106,4.267112722183226e-07
1107,4.267112722183226e-07
1108,0.0
1109,0.0
1110,0.0
1111,0.0
1112,0.0
1113,0.0
1114,0.0
1115,0.0
1116,0.0
1117,0.0
1118,4.267112722183226e-07
1119,0.0
1120,0.0
1121,0.0
1122,0.0
1123,0.0
1124,0.0
1125,0.0
1126,0.0
1127,0.0
1128,0.0
1129,0.0
1130,0.0
1131,0.0
1132,0.0
1133,4.267112722183226e-07
1134,0.0
1135,0.0
1136,0.0
1137,0.0
1138,0.0
1139,0.0
1140,0.0
1141,0.0
1142,0.0
1143,4.267112722183226e-07
1144,4.267112722183226e-07
1145,0.0
1146,0.0
1147,0.0
1148,0.0
1149,4.267112722183226e-07
1150,8.534225444366452e-07
1151,0.0
1152,0.0
1153,4.267112722183226e-07
1154,0.0
1155,0.0
1156,0.0
1157,0.0
1158,0.0
1159,0.0
1160,0.0
1161,4.267112722183226e-07
1162,0.0
1163,0.0
1164,4.267112722183226e-07
1165,0.0
1166,0.0
1167,0.0
1168,0.0
1169,0.0
1170,0.0
1171,0.0
1172,0.0
1173,0.0
1174,4.267112722183226e-07
1175,0.0
1176,0.0
1177,4.267112722183226e-07
1178,4.267112722183226e-07
1179,0.0
1180,0.0
1181,4.267112722183226e-07
1182,4.267112722183226e-07
1183,0.0
1184,0.0
1185,0.0
1186,0.0
1187,0.0
1188,0.0
1189,0.0
1190,0.0
1191,0.0
1192,0.0
1193,0.0
1194,0.0
1195,0.0
1196,0.0
1197,0.0
1198,0.0
1199,0.0
1200,4.267112722183226e-07
1201,0.0
1202,0.0
1203,0.0
1204,0.0
1205,0.0
1206,4.267112722183226e-07
1207,4.267112722183226e-07
1208,0.0
1209,0.0
1210,0.0
1211,0.0
1212,0.0
1213,0.0
1214,0.0
1215,0.0
1216,4.267112722183226e-07
1217,0.0
1218,0.0
1219,0.0
1220,0.0
1221,0.0
1222,0.0
1223,0.0
1224,0.0
1225,0.0
1226,0.0
1227,4.267112722183226e-07
1228,0.0
1229,0.0
1230,0.0
1231,4.267112722183226e-07
1232,4.267112722183226e-07
1233,0.0
1234,0.0
1235,0.0
1236,0.0
1237,0.0
1238,0.0
1239,0.0
1240,0.0
1241,0.0
1242,0.0
1243,0.0
1244,0.0
1245,0.0
1246,0.0
1247,0.0
1248,0.0
1249,0.0
1250,0.0
1251,0.0
1252,0.0
1253,0.0
1254,0.0
1255,0.0
1256,0.0
1257,0.0
1258,0.0
1259,0.0
1260,0.0
1261,0.0
1262,0.0
1263,0.0
1264,0.0
1265,0.0
1266,0.0
1267,0.0
1268,0.0
1269,0.0
1270,0.0
1271,0.0
1272,4.267112722183226e-07
1273,0.0
1274,0.0
1275,0.0
1276,0.0
1277,0.0
1278,0.0
1279,0.0
1280,0.0
1281,0.0
1282,0.0
1283,0.0
1284,0.0
1285,4.267112722183226e-07
1286,0.0
1287,0.0
1288,0.0
1289,0.0
1290,0.0
1291,0.0
1292,0.0
1293,0.0
1294,0.0
1295,0.0
1296,0.0
1297,0.0
1298,0.0
1299,0.0
1300,0.0
1301,0.0
1302,0.0
1303,4.267112722183226e-07
1304,4.267112722183226e-07
1305,4.267112722183226e-07
1306,0.0
1307,4.267112722183226e-07
1308,0.0
1309,0.0
1310,0.0
1311,0.0
1312,0.0
1313,0.0
1314,0.0
1315,0.0
1316,4.267112722183226e-07
1317,0.0
1318,0.0
1319,0.0
1320,0.0
1321,0.0
1322,0.0
1323,0.0
1324,0.0
1325,4.267112722183226e-07
1326,0.0
1327,0.0
1328,0.0
1329,0.0
1330,0.0
1331,0.0
1332,0.0
1333,0.0
1334,0.0
1335,0.0
1336,0.0
1337,0.0
1338,0.0
1339,0.0
1340,0.0
1341,0.0
1342,0.0
1343,0.0
1344,0.0
1345,0.0
1346,0.0
1347,0.0
1348,0.0
1349,0.0
1350,0.0
1351,0.0
1352,0.0
1353,0.0
1354,0.0
1355,0.0
1356,0.0
1357,0.0
1358,0.0
1359,0.0
1360,0.0
1361,0.0
1362,0.0
1363,0.0
1364,0.0
1365,0.0
1366,0.0
1367,0.0
1368,0.0
1369,0.0
1370,0.0
1371,0.0
1372,0.0
1373,0.0
1374,0.0
1375,0.0
1376,0.0
1377,0.0
1378,0.0
1379,0.0
1380,0.0
1381,0.0
1382,0.0
1383,0.0
1384,0.0
1385,0.0
1386,0.0
1387,0.0
1388,0.0
1389,0.0
1390,0.0
1391,0.0
1392,0.0
1393,0.0
1394,0.0
1395,0.0
1396,0.0
1397,0.0
1398,0.0
1399,0.0
1400,0.0
1401,0.0
1402,0.0
1403,0.0
1404,0.0
ins_pos,ins_rate
4,0.0
5,0.0007595460645486141
6,0.0012788536828383127
7,0.002104539994580767
8,0.002486019871943947
9,0.0029374803979509323
10,0.0030659204908886476
11,0.002939613954312024
12,0.0030697608923386127
13,0.0030672006247053026
14,0.0035515179186730987
15,0.003868137682659094
16,0.0045248463306030925
17,0.003301038401880943
18,0.0029635097855562503
19,0.003155103146782277
20,0.0035660261019285215
21,0.004124591157262306
22,0.003916782767691983
23,0.0037840755620320845
24,0.003927023838225223
25,0.0038898999575422283
26,0.004052476952257409
27,0.004148060277234314
28,0.004328132434110446
29,0.004570077725458235
30,0.004831225024055848
31,0.0051043202382755745
32,0.005673979786687035
33,0.00657306043725104
34,0.008055455396937493
35,0.009970108875381106
36,0.01252824295232995
37,0.014783838737276003
38,0.01724894975688125
39,0.019176404573491415
40,0.020596926398706212
41,0.021694427790851737
42,0.02245653412303366
43,0.023254057490809707
44,0.02387833608206511
45,0.024276884410317025
46,0.023916313385292542
47,0.024043046633141385
48,0.025070140665370888
49,0.026185563930949583
50,0.026965165425292457
51,0.02727709136528405
52,0.02705904190518049
53,0.02704112003174732
54,0.02698735441144781
55,0.02670231128160597
56,0.027039413186658444
57,0.026904572424637455
58,0.027264290027117503
59,0.027394863676416307
60,0.027490020290120994
61,0.027802372941384806
62,0.027702949214957938
63,0.027718737532030014
64,0.027755007990168574
65,0.027457163522160183
66,0.02727794478782849
67,0.027437108092365922
68,0.026841419156349144
69,0.026808562388388333
70,0.02669249692234495
71,0.027246368153684333
72,0.026766744683710937
73,0.02672791395793907
74,0.026775705620427522
75,0.027225886012617852
76,0.026971566094375732
77,0.02705904190518049
78,0.026976259918370132
79,0.026969005826742422
80,0.027210097695545773
81,0.027100432898585665
82,0.027181508040307147
83,0.027183641596668237
84,0.027018931045591967
85,0.027466551170148987
86,0.027105126722580065
87,0.027155905363974046
88,0.027171693681046126
89,0.027411078704760606
90,0.027292026259811693
91,0.027389743141149687
92,0.02746313747997124
93,0.027460150501065712
94,0.027566401607848075
95,0.027289465992178383
96,0.027435401247277048
97,0.02735347268301113
98,0.027507942163554164
99,0.027500261360654234
100,0.02736840757753877
101,0.027530984572253954
102,0.027678626672441493
103,0.027719590954574453
104,0.02761077958015878
105,0.027523303769354024
106,0.027532691417342825
107,0.027496847670476488
108,0.027560427650037016
109,0.027647903460841772
110,0.02751860994535962
111,0.02730568102052268
112,0.027475085395593353
113,0.027454176543254653
114,0.02737694180298314
115,0.02765131715101952
116,0.02726471673838972
117,0.027374808246622046
118,0.02734323161247789
119,0.027405104746949547
120,0.027281785189278453
121,0.02732317618268363
122,0.027260449625667538
123,0.027191322399568167
124,0.0273504857041056
125,0.02719089568829595
126,0.027268130428567468
127,0.02726770371729525
128,0.027191749110840387
129,0.027265996872206374
130,0.02709957947604123
131,0.02724679486495655
132,0.027183641596668237
133,0.027212657963179083
134,0.027230153125340037
135,0.02709403222950239
136,0.02714950469489077
137,0.02710171303240232
138,0.02711152739166334
139,0.027054774792458304
140,0.027201990181373627
141,0.02710384658876341
142,0.026967725692925767
143,0.027020637890680838
144,0.026922494298070625
145,0.02708976511678021
146,0.02698735441144781
147,0.026706578394328155
148,0.02671980644376692
149,0.026925481276976155
150,0.026756076901905478
151,0.026710845507050336
152,0.02665110592893977
153,0.02644329753936945
154,0.026456525588808216
155,0.026133505155738947
156,0.0259623939355794
157,0.026124544219022362
158,0.025903081068741052
159,0.025615050959993686
160,0.025470395838711673
161,0.02527026825204128
162,0.025047951679215533
163,0.02489433562121694
164,0.024552539892170062
165,0.0242273859027397
166,0.02427091045250597
167,0.023962398202692123
168,0.023813475968687926
169,0.023658579776872676
170,0.023514351366862883
171,0.02333683947762006
172,0.02294213155081811
173,0.022773153887019656
174,0.022544863356382856
175,0.02203963721007636
176,0.021946614152732767
177,0.02145461605586504
178,0.02112348810862362
179,0.020698056970221954
180,0.020156133654504683
181,0.01958007343700995
182,0.01893915310613803
183,0.018362666177371076
184,0.01758007770412267
185,0.016829065865018422
186,0.01613822031529696
187,0.014864060456453047
188,0.013820324684607031
189,0.012657536467812102
190,0.011639403372299184
191,0.01047021448642098
192,0.009339002903770207
193,0.008303374646096338
194,0.007373997495204832
195,0.00640792317490255
196,0.0055950382013266456
197,0.004790687453195107
198,0.004136539072884419
199,0.0035856548204505644
200,0.003225083795426082
201,0.0028077601711965624
202,0.00244718914617208
203,0.002239380756601757
204,0.00206058873354228
205,0.0019099596544492118
206,0.0018118160618389976
207,0.0017776791600615318
208,0.001671001342006951
209,0.001698737574701142
210,0.0017281806524842064
211,0.0017307409201175162
212,0.0017260470961231148
213,0.0017179395819509665
214,0.0018002948574891028
215,0.0017021512648788886
216,0.0017904804982280815
217,0.0018049886814835044
218,0.001873262485038436
219,0.0018835035555716758
220,0.0018822234217550208
221,0.001911666499538085
222,0.0019210541475268882
223,0.001923614415160198
224,0.0019244678377046346
225,0.001939402732232276
226,0.0020127970710538275
227,0.001999995732887278
228,0.0019573246056654456
229,0.001991034796170693
230,0.0019568978943932274
231,0.002001702577976151
232,0.0019965820427095314
233,0.001960738295843192
234,0.0019500705140377342
235,0.0019667122536542484
236,0.0019308685067879095
237,0.0020290120993981236
238,0.0020469339728312933
239,0.0019850608383596363
240,0.001997435465253968
241,0.0020153573386871375
242,0.0020285853881259054
243,0.002021331296498194
244,0.002017490895048229
245,0.002014930627414919
246,0.00206058873354228
247,0.0020221847190426308
248,0.0020682695364422094
249,0.0020072498245149893
250,0.0020674161138977726
251,0.0020448004164702015
252,0.0020593085997256248
253,0.002060162022270061
254,0.002087471543692034
255,0.002084911276058724
256,0.002057175043364533
257,0.0021083803960307316
258,0.0020878982549642523
259,0.0021083803960307316
260,0.0020460805502868565
261,0.0021117940862084785
262,0.0020896051000531255
263,0.0020686962477144276
264,0.002099419459314147
265,0.0020844845647865055
266,0.0021173413327473167
267,0.0020725366491643926
268,0.0021254488469194645
269,0.0021135009312973517
270,0.002175800777041227
271,0.0021079536847585134
272,0.002114354353841788
273,0.0021015530156752384
274,0.0021356899174527046
275,0.0020738167829810476
276,0.002139103607630451
277,0.0021015530156752384
278,0.0020938722127753088
279,0.0021173413327473167
280,0.0021216084454695
281,0.0020733900717088295
282,0.002125875558191683
283,0.002157878903608057
284,0.0021071002622140766
285,0.002122035156741718
286,0.00210368657203633
287,0.0021493446781636906
288,0.0021433707203526342
289,0.0021570254810636207
290,0.0021147810651140067
291,0.0021467844105303806
292,0.0021702535305023886
293,0.002156598769791402
294,0.002087471543692034
295,0.0020964324804086188
296,0.002080644163336541
297,0.002059735310997843
298,0.002095579057864182
299,0.0021412371639915424
300,0.0020802174520643223
301,0.002164279572691332
302,0.0021173413327473167
303,0.0021335563610916128
304,0.0020669894026255544
305,0.00211392764256957
306,0.0021173413327473167
307,0.0021595857486969303
308,0.0021433707203526342
309,0.002139103607630451
310,0.002120328311652845
311,0.0021864685588466846
312,0.0021105139523918235
313,0.0021659864177802053
314,0.0021117940862084785
315,0.0021595857486969303
316,0.0021301426709138664
317,0.0021309960934583027
318,0.002158732326152494
319,0.002135263206180486
320,0.0021109406636640416
321,0.002123315290558373
322,0.0020883249662364705
323,0.0021211817341972813
324,0.0021088071073029502
325,0.0020977126142252738
326,0.0021309960934583027
327,0.002078083895703231
328,0.0020482141066479483
329,0.0020733900717088295
330,0.002075523628069921
331,0.002038826458659145
332,0.0020302922332147786
333,0.002005542979426116
334,0.002038399747386927
335,0.0019389760209600577
336,0.0019423897111378043
337,0.0019082528093603386
338,0.0018903309359271688
339,0.0018830768442994574
340,0.0019099596544492118
341,0.001834858470538787
342,0.0017926140545891731
343,0.001793894188405828
344,0.00171964642703984
345,0.0016769752998180077
346,0.0016586267151126198
347,0.001594193313007653
348,0.0016155288766185692
349,0.0015382941363470527
350,0.001489649051314164
351,0.0014107074659537745
352,0.0013650493598264138
353,0.0013151241409768701
354,0.0012464236261497202
355,0.001205032632744543
356,0.0011324917164674281
357,0.0011196903783008785
358,0.0010189865180573543
359,0.0009955173980853466
360,0.0009536996934079509
361,0.0008871327349418926
362,0.0008380609386367855
363,0.0007813083394317486
364,0.0007403440572987896
365,0.000673350387560513
366,0.0006532949577662518
367,0.0005756335062225171
368,0.0005722198160447705
369,0.0005419233157172696
370,0.0005094932590286772
371,0.00047748991361230294
372,0.0004314050962127241
373,0.00043908589911265393
374,0.0004117763776906813
375,0.000395561349346385
376,0.0003789196097298704
377,0.00033710190505247483
378,0.000357157334846736
379,0.0003311279472414183
380,0.00033710190505247483
381,0.000345209419224623
382,0.0002969910454639525
383,0.00032003345416374194
384,0.0003021115807305724
385,0.0003072321159971922
386,0.0003136327850804671
387,0.00029656433419173416
388,0.0002905903763806777
389,0.00029443077783064255
390,0.0002807760171196562
391,0.00026200072114205007
392,0.0002718150804030715
393,0.0002662678338642333
394,0.0002743753480363814
395,0.0002628541436864867
396,0.0002688281014975432
397,0.0002671212564086699
398,0.00026328085495870503
399,0.00025431991824212023
400,0.00025133293933659196
401,0.00025090622806437366
402,0.00023597133353673238
403,0.00024663911534219044
404,0.00023511791099229572
405,0.00022316999537018268
406,0.00023255764335898579
407,0.00024151858007557056
408,0.0002095152346591964
409,0.00020012758667039329
410,0.00021847617137578116
411,0.00021634261501468952
412,0.0002099419459314147
413,0.0002193295939202178
414,0.0002061015444814498
415,0.00019628718522042836
416,0.00021804946010356283
417,0.000223596706642401
418,0.00019202007249824514
419,0.0002120755022925063
420,0.00021036865720363302
421,0.00020482141066479484
422,0.0001890330935927169
423,0.00020354127684813985
424,0.00019244678377046347
425,0.00019031322740937186
426,0.00019458034013155508
427,0.00018604611468718863
428,0.0002043946993925765
429,0.00020695496702588645
430,0.0001873262485038436
431,0.00020098100921482991
432,0.00018519269214275198
433,0.000211648791020288
434,0.00019330020631490012
435,0.0001856194034149703
436,0.00016343041725961754
437,0.0001758050441539489
438,0.00019244678377046347
439,0.00019927416412595663
440,0.00018604611468718863
441,0.00018775295977606192
442,0.00018604611468718863
443,0.00019244678377046347
444,0.00019031322740937186
445,0.0002043946993925765
446,0.0001873262485038436
447,0.00019202007249824514
448,0.0001911666499538085
449,0.00020268785430370322
450,0.0001988474528537383
451,0.00020396798812035818
452,0.00019372691758711845
453,0.00018135229069278708
454,0.0001967138964926467
455,0.0001967138964926467
456,0.00019799403030930167
457,0.00019970087539817496
458,0.00018305913578166037
459,0.00019073993868159018
460,0.00019628718522042836
461,0.00020482141066479484
462,0.0002043946993925765
463,0.00019415362885933675
464,0.00016684410743736413
465,0.00020738167829810475
466,0.00020695496702588645
467,0.00018988651613715353
468,0.00018135229069278708
469,0.00019799403030930167
470,0.00017836531178725882
471,0.0001817790019650054
472,0.0001890330935927169
473,0.00019586047394821006
474,0.0001894598048649352
475,0.00018988651613715353
476,0.00018775295977606192
477,0.00018860638232049857
478,0.00019842074158151997
479,0.0001890330935927169
480,0.00018220571323722374
481,0.00018391255832609702
482,0.00018604611468718863
483,0.0001967138964926467
484,0.00017665846669838553
485,0.00018092557942056876
486,0.00019714060776486502
487,0.0001988474528537383
488,0.00018604611468718863
489,0.0001928734950426818
490,0.00018775295977606192
491,0.0001873262485038436
492,0.00017708517797060386
493,0.00016215028344296258
494,0.00018604611468718863
495,0.0001608701496263076
496,0.0001911666499538085
497,0.0001834858470538787
498,0.00018519269214275198
499,0.0001723913539762023
500,0.00019073993868159018
501,0.00018433926959831535
502,0.00015873659326521599
503,0.00016343041725961754
504,0.0001681242412540191
505,0.0001570297481763427
506,0.0001642838398040542
507,0.00016855095252623741
508,0.00016215028344296258
509,0.0001548961918152511
510,0.0001630037059873992
511,0.00015276263545415948
512,0.0001591633045374343
513,0.00015190921290972282
514,0.0001378277409265182
515,0.00014081471983204644
516,0.00015062907909306787
517,0.00013910787474317315
518,0.0001250264027599685
519,0.00013100036057102504
520,0.00012972022675437005
521,0.00010625110678236231
522,0.000119052444948912
523,0.00010923808568789058
524,0.0001002771489713058
525,9.729017006577754e-05
526,9.430319116024929e-05
527,7.851487408817135e-05
528,8.619567698810115e-05
529,8.662238826031948e-05
530,7.766145154373471e-05
531,7.894158536038968e-05
532,7.211420500489652e-05
533,7.424776136598813e-05
534,8.064843044926296e-05
535,6.742038101049497e-05
536,5.845944429391019e-05
537,5.717931047725522e-05
538,6.357997956053006e-05
539,6.571353592162167e-05
540,6.229984574387509e-05
541,5.205877521063535e-05
542,4.608481739957884e-05
543,4.5658106127360517e-05
544,5.035193012176206e-05
545,5.248548648285367e-05
546,5.120535266619871e-05
547,4.523139485514219e-05
548,4.0964282132958966e-05
549,4.35245497662689e-05
550,4.0964282132958966e-05
551,3.371019050524748e-05
552,4.0537570860740645e-05
553,3.157663414415587e-05
554,2.9869789055282577e-05
555,3.7123880682994064e-05
556,3.5843746866339094e-05
557,3.5417035594120773e-05
558,3.243005668859251e-05
559,2.9016366510845932e-05
560,3.7123880682994064e-05
561,3.8830725771867354e-05
562,2.9443077783064257e-05
563,3.5417035594120773e-05
564,2.517596506088103e-05
565,2.688281014975432e-05
566,3.1149922871937544e-05
567,3.072321159971922e-05
568,2.517596506088103e-05
569,3.243005668859251e-05
570,2.474925378866271e-05
571,2.304240869978942e-05
572,3.1149922871937544e-05
573,2.9443077783064257e-05
574,2.176227488313445e-05
575,2.346911997200774e-05
576,1.664173961651458e-05
577,1.834858470538787e-05
578,2.0482141066479483e-05
579,2.7736232694190966e-05
580,2.7736232694190966e-05
581,2.346911997200774e-05
582,2.176227488313445e-05
583,2.6029387605317675e-05
584,1.8775295977606192e-05
585,2.0908852338697804e-05
586,1.664173961651458e-05
587,2.2615697427571094e-05
588,2.1335563610916128e-05
589,2.2615697427571094e-05
590,1.7068450888732902e-05
591,2.304240869978942e-05
592,1.9628718522042838e-05
593,1.7921873433169547e-05
594,2.0482141066479483e-05
595,1.7068450888732902e-05
596,2.1335563610916128e-05
597,1.7921873433169547e-05
598,1.7921873433169547e-05
599,1.9202007249824513e-05
600,2.176227488313445e-05
601,1.7068450888732902e-05
602,1.4508183255422966e-05
603,2.176227488313445e-05
604,2.0482141066479483e-05
605,1.3228049438768e-05
606,1.536160579985961e-05
607,2.005542979426116e-05
608,1.5788317072077936e-05
609,1.6215028344296257e-05
610,1.7495162160951226e-05
611,1.0667781805458064e-05
612,1.4508183255422966e-05
613,1.4934894527641289e-05
614,1.7495162160951226e-05
615,1.8775295977606192e-05
616,1.4508183255422966e-05
617,2.005542979426116e-05
618,2.0908852338697804e-05
619,2.005542979426116e-05
620,1.4934894527641289e-05
621,2.005542979426116e-05
622,2.005542979426116e-05
623,1.5788317072077936e-05
624,1.7495162160951226e-05
625,2.4322542516444385e-05
626,1.7068450888732902e-05
627,1.8775295977606192e-05
628,1.7068450888732902e-05
629,1.536160579985961e-05
630,2.2188986155352773e-05
631,1.7068450888732902e-05
632,1.4934894527641289e-05
633,1.7068450888732902e-05
634,1.536160579985961e-05
635,1.7495162160951226e-05
636,1.536160579985961e-05
637,1.7495162160951226e-05
638,1.6215028344296257e-05
639,1.7068450888732902e-05
640,1.6215028344296257e-05
641,1.0667781805458064e-05
642,2.005542979426116e-05
643,1.536160579985961e-05
644,1.4934894527641289e-05
645,1.9628718522042838e-05
646,1.5788317072077936e-05
647,1.8775295977606192e-05
648,1.4508183255422966e-05
649,1.536160579985961e-05
650,1.9628718522042838e-05
651,1.664173961651458e-05
652,2.304240869978942e-05
653,1.3654760710986323e-05
654,1.664173961651458e-05
655,1.664173961651458e-05
656,1.664173961651458e-05
657,1.9202007249824513e-05
658,1.664173961651458e-05
659,1.4934894527641289e-05
660,1.4934894527641289e-05
661,1.7495162160951226e-05
662,1.834858470538787e-05
663,1.664173961651458e-05
664,1.7068450888732902e-05
665,2.0482141066479483e-05
666,1.7068450888732902e-05
667,1.5788317072077936e-05
668,1.7921873433169547e-05
669,1.664173961651458e-05
670,1.7495162160951226e-05
671,1.5788317072077936e-05
672,1.9202007249824513e-05
673,1.536160579985961e-05
674,1.3228049438768e-05
675,1.3654760710986323e-05
676,1.1094493077676387e-05
677,1.4508183255422966e-05
678,1.834858470538787e-05
679,1.4081471983204645e-05
680,1.1094493077676387e-05
681,1.3654760710986323e-05
682,1.4508183255422966e-05
683,1.2801338166549677e-05
684,1.0667781805458064e-05
685,1.152120434989471e-05
686,1.1094493077676387e-05
687,1.1094493077676387e-05
688,1.2801338166549677e-05
689,1.2374626894331355e-05
690,1.2374626894331355e-05
691,1.0241070533239741e-05
692,1.0241070533239741e-05
693,1.4934894527641289e-05
694,1.0667781805458064e-05
695,1.2374626894331355e-05
696,8.534225444366451e-06
697,9.814359261021419e-06
698,8.960936716584774e-06
699,7.254091627711483e-06
700,7.680802899929806e-06
701,1.0667781805458064e-05
702,9.814359261021419e-06
703,6.827380355493161e-06
704,8.960936716584774e-06
705,9.814359261021419e-06
706,6.400669083274839e-06
707,6.400669083274839e-06
708,7.680802899929806e-06
709,7.254091627711483e-06
710,6.400669083274839e-06
711,6.400669083274839e-06
712,5.547246538838193e-06
713,4.693823994401548e-06
714,9.387647988803096e-06
715,4.693823994401548e-06
716,6.400669083274839e-06
717,7.680802899929806e-06
718,3.840401449964903e-06
719,7.254091627711483e-06
720,3.4136901777465806e-06
721,7.254091627711483e-06
722,3.840401449964903e-06
723,3.4136901777465806e-06
724,5.973957811056516e-06
725,2.1335563610916127e-06
726,3.840401449964903e-06
727,7.680802899929806e-06
728,4.2671127221832255e-06
729,5.120535266619871e-06
730,2.5602676333099354e-06
731,2.986978905528258e-06
732,2.986978905528258e-06
733,1.7068450888732903e-06
734,6.400669083274839e-06
735,2.1335563610916127e-06
736,2.1335563610916127e-06
737,4.2671127221832255e-06
738,2.1335563610916127e-06
739,2.986978905528258e-06
740,4.693823994401548e-06
741,5.120535266619871e-06
742,3.4136901777465806e-06
743,3.840401449964903e-06
744,3.840401449964903e-06
745,2.5602676333099354e-06
746,4.2671127221832255e-06
747,3.840401449964903e-06
748,1.7068450888732903e-06
749,1.7068450888732903e-06
750,1.7068450888732903e-06
751,2.986978905528258e-06
752,1.7068450888732903e-06
753,2.986978905528258e-06
754,1.2801338166549677e-06
755,1.2801338166549677e-06
756,3.4136901777465806e-06
757,2.986978905528258e-06
758,1.2801338166549677e-06
759,2.5602676333099354e-06
760,2.5602676333099354e-06
761,2.986978905528258e-06
762,1.7068450888732903e-06
763,8.534225444366452e-07
764,1.2801338166549677e-06
765,1.2801338166549677e-06
766,8.534225444366452e-07
767,2.5602676333099354e-06
768,1.7068450888732903e-06
769,1.7068450888732903e-06
770,3.4136901777465806e-06
771,2.986978905528258e-06
772,2.5602676333099354e-06
773,1.2801338166549677e-06
774,4.2671127221832255e-06
775,1.2801338166549677e-06
776,2.1335563610916127e-06
777,8.534225444366452e-07
778,2.5602676333099354e-06
779,2.1335563610916127e-06
780,1.2801338166549677e-06
781,1.2801338166549677e-06
782,2.986978905528258e-06
783,4.2671127221832255e-06
784,3.840401449964903e-06
785,1.2801338166549677e-06
786,8.534225444366452e-07
787,1.7068450888732903e-06
788,2.1335563610916127e-06
789,2.986978905528258e-06
790,2.5602676333099354e-06
791,2.5602676333099354e-06
792,4.267112722183226e-07
793,1.2801338166549677e-06
794,8.534225444366452e-07
795,2.5602676333099354e-06
796,1.7068450888732903e-06
797,3.4136901777465806e-06
798,2.1335563610916127e-06
799,1.7068450888732903e-06
800,2.986978905528258e-06
801,1.2801338166549677e-06
802,2.1335563610916127e-06
803,1.7068450888732903e-06
804,1.7068450888732903e-06
805,1.2801338166549677e-06
806,2.5602676333099354e-06
807,2.986978905528258e-06
808,2.986978905528258e-06
809,1.7068450888732903e-06
810,8.534225444366452e-07
811,8.534225444366452e-07
812,2.1335563610916127e-06
813,1.7068450888732903e-06
814,1.2801338166549677e-06
815,2.986978905528258e-06
816,8.534225444366452e-07
817,1.7068450888732903e-06
818,2.1335563610916127e-06
819,1.2801338166549677e-06
820,1.7068450888732903e-06
821,2.1335563610916127e-06
822,1.7068450888732903e-06
823,8.534225444366452e-07
824,4.267112722183226e-07
825,2.1335563610916127e-06
826,3.4136901777465806e-06
827,2.986978905528258e-06
828,1.2801338166549677e-06
829,4.267112722183226e-07
830,3.4136901777465806e-06
831,2.1335563610916127e-06
832,2.1335563610916127e-06
833,2.1335563610916127e-06
834,2.5602676333099354e-06
835,2.5602676333099354e-06
836,1.2801338166549677e-06
837,2.1335563610916127e-06
838,1.2801338166549677e-06
839,1.2801338166549677e-06
840,8.534225444366452e-07
841,2.5602676333099354e-06
842,4.267112722183226e-07
843,8.534225444366452e-07
844,8.534225444366452e-07
845,4.267112722183226e-07
846,1.2801338166549677e-06
847,1.7068450888732903e-06
848,1.7068450888732903e-06
849,1.7068450888732903e-06
850,8.534225444366452e-07
851,1.2801338166549677e-06
852,2.5602676333099354e-06
853,2.1335563610916127e-06
854,2.1335563610916127e-06
855,8.534225444366452e-07
856,4.267112722183226e-07
857,8.534225444366452e-07
858,1.7068450888732903e-06
859,8.534225444366452e-07
860,4.267112722183226e-07
861,1.7068450888732903e-06
862,1.7068450888732903e-06
863,1.7068450888732903e-06
864,1.7068450888732903e-06
865,1.2801338166549677e-06
866,8.534225444366452e-07
867,4.267112722183226e-07
868,4.267112722183226e-07
869,4.267112722183226e-07
870,4.267112722183226e-07
871,4.267112722183226e-07
872,1.2801338166549677e-06
873,4.267112722183226e-07
874,8.534225444366452e-07
875,0.0
876,1.7068450888732903e-06
877,8.534225444366452e-07
878,8.534225444366452e-07
879,4.267112722183226e-07
880,1.2801338166549677e-06
881,4.267112722183226e-07
882,0.0
883,4.267112722183226e-07
884,4.267112722183226e-07
885,0.0
886,8.534225444366452e-07
887,8.534225444366452e-07
888,8.534225444366452e-07
889,1.2801338166549677e-06
890,0.0
891,1.2801338166549677e-06
892,8.534225444366452e-07
893,4.267112722183226e-07
894,4.267112722183226e-07
895,4.267112722183226e-07
896,4.267112722183226e-07
897,4.267112722183226e-07
898,8.534225444366452e-07
899,4.267112722183226e-07
901,2.1335563610916127e-06
904,8.534225444366452e-07
905,8.534225444366452e-07
906,4.267112722183226e-07
908,0.0
909,4.267112722183226e-07
910,4.267112722183226e-07
911,4.267112722183226e-07
912,0.0
914,8.534225444366452e-07
915,4.267112722183226e-07
916,4.267112722183226e-07
918,8.534225444366452e-07
919,8.534225444366452e-07
920,4.267112722183226e-07
921,1.2801338166549677e-06
922,0.0
923,4.267112722183226e-07
924,8.534225444366452e-07
926,8.534225444366452e-07
928,8.534225444366452e-07
929,4.267112722183226e-07
930,4.267112722183226e-07
931,4.267112722183226e-07
932,4.267112722183226e-07
933,4.267112722183226e-07
934,4.267112722183226e-07
935,4.267112722183226e-07
936,0.0
937,0.0
938,4.267112722183226e-07
939,0.0
940,8.534225444366452e-07
942,0.0
943,4.267112722183226e-07
944,4.267112722183226e-07
945,0.0
946,4.267112722183226e-07
949,8.534225444366452e-07
950,0.0
951,4.267112722183226e-07
952,4.267112722183226e-07
953,4.267112722183226e-07
955,4.267112722183226e-07
956,0.0
957,8.534225444366452e-07
959,4.267112722183226e-07
960,8.534225444366452e-07
961,4.267112722183226e-07
962,0.0
963,4.267112722183226e-07
966,8.534225444366452e-07
967,4.267112722183226e-07
968,0.0
970,0.0
973,4.267112722183226e-07
974,4.267112722183226e-07
975,0.0
976,4.267112722183226e-07
977,8.534225444366452e-07
978,4.267112722183226e-07
979,0.0
980,4.267112722183226e-07
981,8.534225444366452e-07
984,4.267112722183226e-07
985,4.267112722183226e-07
987,4.267112722183226e-07
989,4.267112722183226e-07
990,8.534225444366452e-07
991,4.267112722183226e-07
992,0.0
994,0.0
996,0.0
998,0.0
999,4.267112722183226e-07
1000,1.2801338166549677e-06
1001,0.0
1002,0.0
1003,8.534225444366452e-07
1004,4.267112722183226e-07
1005,1.2801338166549677e-06
1006,4.267112722183226e-07
1007,8.534225444366452e-07
1008,4.267112722183226e-07
1010,4.267112722183226e-07
1014,8.534225444366452e-07
1015,0.0
1016,4.267112722183226e-07
1019,4.267112722183226e-07
1021,0.0
1023,0.0
1024,4.267112722183226e-07
1025,0.0
1027,4.267112722183226e-07
1028,0.0
1029,4.267112722183226e-07
1031,4.267112722183226e-07
1033,4.267112722183226e-07
1040,4.267112722183226e-07
1045,4.267112722183226e-07
1047,4.267112722183226e-07
1049,4.267112722183226e-07
1055,4.267112722183226e-07
1061,4.267112722183226e-07
1062,0.0
1068,4.267112722183226e-07
1070,0.0
1077,4.267112722183226e-07
1085,4.267112722183226e-07
1092,4.267112722183226e-07
1096,0.0
1100,4.267112722183226e-07
1103,4.267112722183226e-07
1113,0.0
1135,0.0
1144,4.267112722183226e-07
1155,0.0
1175,0.0
1179,4.267112722183226e-07
1191,4.267112722183226e-07
1209,0.0
1221,4.267112722183226e-07
1222,0.0
1228,4.267112722183226e-07
1233,4.267112722183226e-07
1235,4.267112722183226e-07
1237,0.0
1243,4.267112722183226e-07
1252,0.0
1263,0.0
1265,0.0
1266,4.267112722183226e-07
1272,0.0
1293,0.0
1307,4.267112722183226e-07
1311,4.267112722183226e-07
1312,0.0
1318,4.267112722183226e-07
1321,4.267112722183226e-07
del_pos,del_rate
4,0.0006464675774107587
5,0.0013821178107151467
6,0.0015139715938306084
7,0.0015959001580965265
8,0.0015894994890132514
9,0.003291224042619922
10,0.002489860273393912
11,0.0029464413346675174
12,0.002385316011700423
13,0.002189455537752213
14,0.002274371080923659
15,0.0020499209517368215
16,0.0023725146735338733
17,0.0026912679938809604
18,0.003186679780926433
19,0.0038557630557647625
20,0.003733296920638104
21,0.0034708694882238356
22,0.003602296560067079
23,0.004059304332612902
24,0.003979509324708076
25,0.004120324044540122
26,0.004150193833595405
27,0.004445051322698266
28,0.0046669411842517935
29,0.0047761792699396845
30,0.00513589687241973
31,0.005656057913253866
32,0.006668643762227945
33,0.007865142169528121
34,0.00980369147921596
35,0.011715357978754046
36,0.013191778980629442
37,0.016411315529516687
38,0.01858284919383573
39,0.019028335762031657
40,0.018456542657259104
41,0.017816049037659404
42,0.017273272299397697
43,0.017031753719322126
44,0.01744267667446837
45,0.018541031489158335
46,0.020209472563531974
47,0.022710427330003564
48,0.02399824194955846
49,0.024289259037211356
50,0.024386975918549353
51,0.024567901497969922
52,0.025142254870375785
53,0.02575330541219242
54,0.025798110095775345
55,0.026113449725944687
56,0.02636691622164237
57,0.026536320596713042
58,0.026507730941474416
59,0.02633363274240934
60,0.02620433922692719
61,0.026167215346244194
62,0.02583950108918052
63,0.025597129086560515
64,0.02539742821116234
65,0.02532915440760741
66,0.02512774668712036
67,0.02471084977416306
68,0.024600758265930733
69,0.02472791822505179
70,0.024578569279775378
71,0.02444074153884886
72,0.02464769650587475
73,0.024540591976547947
74,0.024515416011487066
75,0.024599051420841858
76,0.024602465111019604
77,0.024555100159803372
78,0.024459516834826465
79,0.024608012357558443
80,0.024601611688475168
81,0.02446079696864312
82,0.024606732223741788
83,0.02449237360278728
84,0.0244812791097096
85,0.024566194652881047
86,0.02452949748347027
87,0.024701462126174255
88,0.024593504174303022
89,0.02471084977416306
90,0.02474840036611827
91,0.024545712511814567
92,0.024538031708914637
93,0.024736879161768376
94,0.024427086778137874
95,0.024337050699699807
96,0.02451712285657594
97,0.024389109474910443
98,0.024457809989737594
99,0.02428541863576139
100,0.024354119150588542
101,0.024241894085995124
102,0.02434174452369421
103,0.024319555537538857
104,0.02423805368454516
105,0.02423805368454516
106,0.02411516083814628
107,0.024124548486135083
108,0.02426493649469491
109,0.0240293918724304
110,0.024134789556668323
111,0.024152284718829273
112,0.024340891101149773
113,0.02404902059095244
114,0.02406395548548008
115,0.02411260057051297
116,0.024040059654235856
117,0.024128388887585048
118,0.02394490304053117
119,0.02388388332860395
120,0.023876629236976237
121,0.024047740457135786
122,0.02393978250526455
123,0.02368290231938912
124,0.023910766138753703
125,0.023961971491419903
126,0.023884310039876167
127,0.023707651573177783
128,0.023682475608116902
129,0.02342815568987478
130,0.023462292591652247
131,0.02339273865428066
132,0.023401272879725026
133,0.02323784246246541
134,0.023361588731408724
135,0.023312516935103614
136,0.02313073793313861
137,0.02290500767013512
138,0.02295749315661797
139,0.022928476790107125
140,0.022580280391976976
141,0.022491097736083345
142,0.02243690540451162
143,0.02226110036035767
144,0.022400634946373062
145,0.02200464688575446
146,0.021814760369617305
147,0.021908210138233117
148,0.021511368655070078
149,0.021550626092114163
150,0.021530143951047683
151,0.021506248119803457
152,0.021537398042675394
153,0.0211742667500176
154,0.02080558821082097
155,0.02077230473158794
156,0.02055894909547878
157,0.020334498966291942
158,0.02033535238883638
159,0.019830552953802105
160,0.01948790380221079
161,0.01941493617466146
162,0.019189632622930185
163,0.018787243893228306
164,0.01853975135534168
165,0.01803324507521853
166,0.017543807245984113
167,0.01713245757956565
168,0.016315305493267564
169,0.015716202867073037
170,0.015254074559260594
171,0.014446736832223528
172,0.013851901318751187
173,0.013060778620058416
174,0.012669484383434215
175,0.012053313306350958
176,0.011685914900970982
177,0.011289926840352378
178,0.010949837956394376
179,0.01046765421878767
180,0.010234669864156467
181,0.009789183295960537
182,0.00934625699539792
183,0.008886262243946567
184,0.008281185659940985
185,0.007661174181407764
186,0.007113276907879437
187,0.00640792317490255
188,0.005841677316668836
189,0.00533943814926787
190,0.004742042368162219
191,0.004122030889628996
192,0.0036744107650719757
193,0.0031717448863987914
194,0.00276508904397473
195,0.002425000160016727
196,0.0021275824032805563
197,0.0018689953723162527
198,0.0016526527573015632
199,0.0014939161640363473
200,0.0013880917685262033
201,0.0013317658805933846
202,0.001227648330172114
203,0.0011871107593113734
204,0.0011755895549614786
205,0.0012114333018278178
206,0.0011730292873281688
207,0.001186684048039155
208,0.0012203942385444024
209,0.0012502640275996852
210,0.0013193912536990534
211,0.0013641959372819772
212,0.0014333231633813454
213,0.0014593525509866631
214,0.00145252517063117
215,0.0014836750935031074
216,0.0015485352068802926
217,0.0015737111719411735
218,0.001641984975496105
219,0.001609981630079731
220,0.0016389979965905769
221,0.001681242412540191
222,0.0016820958350846275
223,0.001715806025589875
224,0.0017021512648788886
225,0.0017904804982280815
226,0.0018135229069278708
227,0.0017311676313897346
228,0.0018075489491168144
229,0.0018246174000055473
230,0.0018224838436444557
231,0.0017520764837284325
232,0.0018135229069278708
233,0.0017648778218949822
234,0.001871982351221781
235,0.0017815195615114967
236,0.0018020017025779762
237,0.0017751188924282218
238,0.0018092557942056876
239,0.0017601839979005805
240,0.0017921873433169547
241,0.0018250441112777655
242,0.0017785325826059684
243,0.0017708517797060386
244,0.0018399790058054068
245,0.0018246174000055473
246,0.0018054153927557228
247,0.00184936665379421
248,0.0018015749913057578
249,0.0018446728297998084
250,0.001779386005150405
251,0.001858754301783013
252,0.00184424611852759
253,0.0017717052022504752
254,0.001878383020305056
255,0.0018182167309222725
256,0.0018344317592665688
257,0.0018438194072553718
258,0.0018365653156276604
259,0.001833578336722132
260,0.001828031090183294
261,0.0018596077243274497
262,0.001848086519977555
263,0.0018672885272273795
264,0.001788773653139208
265,0.0018369920268998786
266,0.0018382721607165336
267,0.0018843569781161124
268,0.0018391255832609702
269,0.0018438194072553718
270,0.0018643015483218513
271,0.0018322982029054771
272,0.001834858470538787
273,0.001827177667638857
274,0.0017960277447669195
275,0.0017904804982280815
276,0.0018024284138501946
277,0.0018382721607165336
278,0.0018873439570216406
279,0.0017934674771336097
280,0.0018800898653939292
281,0.0018557673228774849
282,0.0018169365971056175
283,0.0018049886814835044
284,0.0018173633083778359
285,0.0018557673228774849
286,0.001837418738172097
287,0.0018122427731112158
288,0.0018404057170776252
289,0.0018122427731112158
290,0.0018135229069278708
291,0.0018412591396220618
292,0.0018570474566941397
293,0.0018041352589390678
294,0.0018489399425219916
295,0.0018037085476668494
296,0.0018045619702112862
297,0.0018045619702112862
298,0.0017836531178725883
299,0.0018263242450944205
300,0.0017981613011280111
301,0.0017341546102952628
302,0.0017576237302672705
303,0.00178834694186699
304,0.001760610709172799
305,0.0017892003644114265
306,0.0017823729840559333
307,0.0017601839979005805
308,0.0017251936735786782
309,0.0017635976880783272
310,0.0017486627935506859
311,0.0017388484342896644
312,0.0017256203848508964
313,0.0016867896590790292
314,0.0017307409201175162
315,0.0017734120473393486
316,0.0017021512648788886
317,0.001720926560856495
318,0.0016488123558515983
319,0.001662893827834803
320,0.0016560664474793098
321,0.0016330240387795205
322,0.001661613694018148
323,0.001625769947151809
324,0.0016270500809684638
325,0.0016564931587515282
326,0.0016129686089852594
327,0.0015604831225024057
328,0.0015562160097802224
329,0.001467033353886593
330,0.0015506687632413842
331,0.0015314667559915597
332,0.0014917826076752557
333,0.0014154012899481759
334,0.0013957725714261332
335,0.0013991862616038796
336,0.0013253652115101098
337,0.001289948175915989
338,0.0012942152886381722
339,0.001245996914877502
340,0.0011781498225947886
341,0.001205032632744543
342,0.0011845504916780634
343,0.0011487067448117242
344,0.0010718987158124262
345,0.0010151461166073893
346,0.0010053317573463678
347,0.0009490058694135493
348,0.0009349243974303447
349,0.0008926799814807307
350,0.0008529958331644268
351,0.0007996569241371364
352,0.0007975233677760448
353,0.0007505851278320294
354,0.0006963927962603024
355,0.0006618291832106183
356,0.0006379333519663923
357,0.000553017808794946
358,0.0005427767382617062
359,0.0005444835833505795
360,0.000473649512162338
361,0.0004663954205346265
362,0.00043183180748494244
363,0.0004424995892904005
364,0.00038147987736318037
365,0.00036057102502448255
366,0.0003520367995801161
367,0.00032515398943036176
368,0.00032771425706367173
369,0.0003136327850804671
370,0.0002931506440139876
371,0.0002671212564086699
372,0.0002743753480363814
373,0.00026456098877536
374,0.00027010823531419816
375,0.00025602676333099354
376,0.0002449322702533171
377,0.00023767817862560566
378,0.00023895831244226062
379,0.00022743710809236593
380,0.00022103643900909107
381,0.00021335563610916128
382,0.0002142090586535979
383,0.0002154891924702529
384,0.000211648791020288
385,0.00021890288264799946
386,0.00021079536847585134
387,0.00021804946010356283
388,0.00021463576992581624
389,0.00021122207974806967
390,0.00019628718522042836
391,0.0002043946993925765
392,0.00022615697427571095
393,0.00022060972773687277
394,0.00020311456557592153
395,0.0002154891924702529
396,0.0001890330935927169
397,0.00019244678377046347
398,0.00020140772048704824
399,0.00019031322740937186
400,0.00021250221356472463
401,0.00017921873433169547
402,0.00018049886814835043
403,0.00018049886814835043
404,0.00018305913578166037
405,0.00018092557942056876
406,0.00017281806524842064
407,0.0001873262485038436
408,0.00016897766379845574
409,0.00017281806524842064
410,0.0001817790019650054
411,0.00016556397362070915
412,0.00017708517797060386
413,0.0001723913539762023
414,0.00016769752998180076
415,0.00016513726234849082
416,0.0001591633045374343
417,0.00017324477652063896
418,0.00015830988199299766
419,0.00015617632563190605
420,0.0001723913539762023
421,0.00017153793143176565
422,0.0001642838398040542
423,0.00016001672708187097
424,0.00016257699471518088
425,0.0001608701496263076
426,0.00015446948054303276
427,0.00016727081870958243
428,0.0001817790019650054
429,0.00017793860051504052
430,0.00017708517797060386
431,0.00016471055107627252
432,0.00016215028344296258
433,0.0001497756565486312
434,0.00018220571323722374
435,0.0001514825016375045
436,0.00016385712853183586
437,0.0001536160579985961
438,0.00017836531178725882
439,0.0001536160579985961
440,0.00017153793143176565
441,0.00015830988199299766
442,0.00015276263545415948
443,0.0001740981990650756
444,0.00016471055107627252
445,0.0001630037059873992
446,0.0001497756565486312
447,0.00016897766379845574
448,0.00014465512128201133
449,0.00015873659326521599
450,0.00015959001580965264
451,0.00016897766379845574
452,0.00017836531178725882
453,0.00016513726234849082
454,0.00015788317072077936
455,0.00015276263545415948
456,0.00017196464270398398
457,0.00017452491033729392
458,0.0001758050441539489
459,0.00016385712853183586
460,0.0001736714877928573
461,0.0001642838398040542
462,0.00014849552273197626
463,0.00016471055107627252
464,0.00016556397362070915
465,0.00015404276927081443
466,0.0001548961918152511
467,0.0001664173961651458
468,0.0001497756565486312
469,0.00014636196637088464
470,0.00016727081870958243
471,0.00016727081870958243
472,0.00016855095252623741
473,0.00015959001580965264
474,0.00014892223400419458
475,0.00013740102965429987
476,0.00016343041725961754
477,0.00016257699471518088
478,0.0001416681423764831
479,0.0001570297481763427
480,0.00016599068489292748
481,0.00015020236782084954
482,0.00013484076202098993
483,0.0001514825016375045
484,0.0001514825016375045
485,0.00014465512128201133
486,0.00014465512128201133
487,0.00013356062820433495
488,0.00014934894527641288
489,0.00013185378311546166
490,0.00014721538891532127
491,0.00013313391693211665
492,0.000145508543826448
493,0.00012033257876556697
494,0.00011222506459341883
495,0.00013740102965429987
496,0.00014209485364870142
497,0.00013100036057102504
498,0.00011777231113225703
499,0.00013484076202098993
500,0.00013868116347095483
501,0.00012886680420993342
502,0.00012203942385444025
503,0.00011819902240447535
504,0.00010241070533239742
505,0.00010795795187123561
506,0.00010241070533239742
507,0.0001135051984100738
508,0.00010838466314345392
509,0.00011521204349894709
510,0.000105824395510144
511,0.00010070386024352412
512,8.448883189922787e-05
513,9.216963479915767e-05
514,7.851487408817135e-05
515,7.510118391042477e-05
516,7.680802899929805e-05
517,7.723474027151638e-05
518,7.851487408817135e-05
519,7.296762754933316e-05
520,7.296762754933316e-05
521,6.528682464940335e-05
522,5.67525992050369e-05
523,6.699366973827664e-05
524,5.248548648285367e-05
525,6.870051482714994e-05
526,5.888615556612851e-05
527,5.9312866838346834e-05
528,5.163206393841703e-05
529,5.333890902729032e-05
530,4.949850757732542e-05
531,4.480468358292387e-05
532,4.309783849405058e-05
533,4.181770467739561e-05
534,4.181770467739561e-05
535,4.0537570860740645e-05
536,3.4136901777465804e-05
537,2.9869789055282577e-05
538,3.4136901777465804e-05
539,3.2856767960810834e-05
540,3.840401449964903e-05
541,2.7309521421972645e-05
542,2.9869789055282577e-05
543,2.3895831244226064e-05
544,2.858965523862761e-05
545,2.7736232694190966e-05
546,3.4136901777465804e-05
547,2.688281014975432e-05
548,2.3895831244226064e-05
549,2.7309521421972645e-05
550,2.2615697427571094e-05
551,2.6029387605317675e-05
552,2.9443077783064257e-05
553,2.176227488313445e-05
554,1.9202007249824513e-05
555,2.5602676333099355e-05
556,2.1335563610916128e-05
557,2.474925378866271e-05
558,2.2188986155352773e-05
559,2.176227488313445e-05
560,2.0482141066479483e-05
561,1.9202007249824513e-05
562,2.2188986155352773e-05
563,1.7921873433169547e-05
564,2.6029387605317675e-05
565,2.0908852338697804e-05
566,1.4934894527641289e-05
567,2.1335563610916128e-05
568,2.2615697427571094e-05
569,1.664173961651458e-05
570,2.0482141066479483e-05
571,1.664173961651458e-05
572,1.834858470538787e-05
573,1.834858470538787e-05
574,2.1335563610916128e-05
575,1.664173961651458e-05
576,1.4508183255422966e-05
577,1.536160579985961e-05
578,2.005542979426116e-05
579,2.3895831244226064e-05
580,1.1094493077676387e-05
581,1.7921873433169547e-05
582,1.664173961651458e-05
583,1.9202007249824513e-05
584,1.8775295977606192e-05
585,1.834858470538787e-05
586,1.4508183255422966e-05
587,1.834858470538787e-05
588,1.5788317072077936e-05
589,1.4081471983204645e-05
590,1.3228049438768e-05
591,1.0241070533239741e-05
592,2.176227488313445e-05
593,1.2374626894331355e-05
594,1.7068450888732902e-05
595,1.7495162160951226e-05
596,1.6215028344296257e-05
597,1.1947915622113032e-05
598,2.0482141066479483e-05
599,1.536160579985961e-05
600,1.7921873433169547e-05
601,1.4081471983204645e-05
602,1.2374626894331355e-05
603,1.6215028344296257e-05
604,1.9202007249824513e-05
605,2.0908852338697804e-05
606,1.2801338166549677e-05
607,1.2801338166549677e-05
608,1.1094493077676387e-05
609,1.4508183255422966e-05
610,1.4508183255422966e-05
611,1.9628718522042838e-05
612,1.4934894527641289e-05
613,2.0482141066479483e-05
614,8.960936716584774e-06
615,1.5788317072077936e-05
616,1.8775295977606192e-05
617,1.4934894527641289e-05
618,1.664173961651458e-05
619,1.152120434989471e-05
620,1.7921873433169547e-05
621,1.8775295977606192e-05
622,1.9202007249824513e-05
623,1.4508183255422966e-05
624,1.4934894527641289e-05
625,1.4508183255422966e-05
626,1.4934894527641289e-05
627,1.4934894527641289e-05
628,1.664173961651458e-05
629,1.4508183255422966e-05
630,1.6215028344296257e-05
631,1.7495162160951226e-05
632,1.536160579985961e-05
633,1.7495162160951226e-05
634,1.4508183255422966e-05
635,1.3228049438768e-05
636,1.3228049438768e-05
637,1.4508183255422966e-05
638,1.4508183255422966e-05
639,1.4081471983204645e-05
640,1.7495162160951226e-05
641,1.2374626894331355e-05
642,1.0241070533239741e-05
643,1.7921873433169547e-05
644,9.814359261021419e-06
645,1.4934894527641289e-05
646,2.304240869978942e-05
647,1.536160579985961e-05
648,1.0667781805458064e-05
649,1.5788317072077936e-05
650,1.0667781805458064e-05
651,1.3654760710986323e-05
652,1.0667781805458064e-05
653,1.5788317072077936e-05
654,1.0241070533239741e-05
655,1.1947915622113032e-05
656,1.2374626894331355e-05
657,8.107514172148128e-06
658,1.5788317072077936e-05
659,9.387647988803096e-06
660,1.4508183255422966e-05
661,9.387647988803096e-06
662,1.1094493077676387e-05
663,1.0667781805458064e-05
664,1.2374626894331355e-05
665,1.152120434989471e-05
666,1.2801338166549677e-05
667,1.152120434989471e-05
668,1.1094493077676387e-05
669,9.387647988803096e-06
670,1.0667781805458064e-05
671,1.0667781805458064e-05
672,8.107514172148128e-06
673,7.680802899929806e-06
674,1.2374626894331355e-05
675,1.0667781805458064e-05
676,1.152120434989471e-05
677,9.814359261021419e-06
678,9.387647988803096e-06
679,7.254091627711483e-06
680,9.387647988803096e-06
681,9.387647988803096e-06
682,1.1094493077676387e-05
683,8.960936716584774e-06
684,9.814359261021419e-06
685,6.400669083274839e-06
686,8.107514172148128e-06
687,6.827380355493161e-06
688,7.254091627711483e-06
689,8.534225444366451e-06
690,8.960936716584774e-06
691,5.547246538838193e-06
692,5.547246538838193e-06
693,5.547246538838193e-06
694,5.547246538838193e-06
695,7.680802899929806e-06
696,5.547246538838193e-06
697,8.960936716584774e-06
698,6.827380355493161e-06
699,5.973957811056516e-06
700,3.4136901777465806e-06
701,5.547246538838193e-06
702,4.2671127221832255e-06
703,4.2671127221832255e-06
704,4.2671127221832255e-06
705,5.973957811056516e-06
706,4.2671127221832255e-06
707,2.5602676333099354e-06
708,3.4136901777465806e-06
709,4.693823994401548e-06
710,2.1335563610916127e-06
711,2.5602676333099354e-06
712,2.986978905528258e-06
713,3.840401449964903e-06
714,2.1335563610916127e-06
715,2.986978905528258e-06
716,4.267112722183226e-07
717,5.120535266619871e-06
718,2.986978905528258e-06
719,3.4136901777465806e-06
720,3.840401449964903e-06
721,3.840401449964903e-06
722,3.4136901777465806e-06
723,3.840401449964903e-06
724,3.840401449964903e-06
725,2.5602676333099354e-06
726,2.5602676333099354e-06
727,4.693823994401548e-06
728,2.986978905528258e-06
729,1.7068450888732903e-06
730,4.2671127221832255e-06
731,2.1335563610916127e-06
732,2.1335563610916127e-06
733,1.2801338166549677e-06
734,1.7068450888732903e-06
735,3.4136901777465806e-06
736,3.840401449964903e-06
737,4.693823994401548e-06
738,3.4136901777465806e-06
739,2.1335563610916127e-06
740,1.2801338166549677e-06
741,2.986978905528258e-06
742,8.534225444366452e-07
743,4.2671127221832255e-06
744,2.5602676333099354e-06
745,4.267112722183226e-07
746,2.986978905528258e-06
747,2.5602676333099354e-06
748,1.7068450888732903e-06
749,2.1335563610916127e-06
750,2.986978905528258e-06
751,2.1335563610916127e-06
752,2.5602676333099354e-06
753,1.7068450888732903e-06
754,1.7068450888732903e-06
755,1.7068450888732903e-06
756,4.267112722183226e-07
757,2.1335563610916127e-06
758,4.267112722183226e-07
759,1.7068450888732903e-06
760,2.1335563610916127e-06
761,1.7068450888732903e-06
762,2.986978905528258e-06
763,2.1335563610916127e-06
764,1.7068450888732903e-06
765,3.4136901777465806e-06
766,1.7068450888732903e-06
767,2.1335563610916127e-06
768,2.986978905528258e-06
769,2.5602676333099354e-06
770,1.2801338166549677e-06
771,1.7068450888732903e-06
772,2.1335563610916127e-06
773,3.840401449964903e-06
774,8.534225444366452e-07
775,8.534225444366452e-07
776,1.7068450888732903e-06
777,1.2801338166549677e-06
778,1.7068450888732903e-06
779,2.5602676333099354e-06
780,1.2801338166549677e-06
781,2.5602676333099354e-06
782,8.534225444366452e-07
783,2.5602676333099354e-06
784,1.2801338166549677e-06
785,8.534225444366452e-07
786,3.4136901777465806e-06
787,8.534225444366452e-07
788,1.7068450888732903e-06
789,2.1335563610916127e-06
790,1.2801338166549677e-06
791,8.534225444366452e-07
792,1.2801338166549677e-06
793,8.534225444366452e-07
794,1.7068450888732903e-06
795,1.7068450888732903e-06
796,8.534225444366452e-07
797,1.2801338166549677e-06
798,4.267112722183226e-07
799,2.1335563610916127e-06
800,1.2801338166549677e-06
801,1.2801338166549677e-06
802,2.1335563610916127e-06
803,1.2801338166549677e-06
804,2.1335563610916127e-06
805,3.840401449964903e-06
806,1.7068450888732903e-06
807,2.5602676333099354e-06
808,1.2801338166549677e-06
809,1.7068450888732903e-06
810,1.2801338166549677e-06
811,2.1335563610916127e-06
812,1.7068450888732903e-06
813,1.7068450888732903e-06
814,0.0
815,1.7068450888732903e-06
816,3.4136901777465806e-06
817,1.7068450888732903e-06
818,0.0
819,8.534225444366452e-07
820,1.7068450888732903e-06
821,2.5602676333099354e-06
822,1.7068450888732903e-06
823,8.534225444366452e-07
824,1.2801338166549677e-06
825,2.1335563610916127e-06
826,2.986978905528258e-06
827,8.534225444366452e-07
828,2.986978905528258e-06
829,1.2801338166549677e-06
830,2.5602676333099354e-06
831,8.534225444366452e-07
832,8.534225444366452e-07
833,2.1335563610916127e-06
834,1.2801338166549677e-06
835,1.2801338166549677e-06
836,4.267112722183226e-07
837,4.267112722183226e-07
838,8.534225444366452e-07
839,1.2801338166549677e-06
840,1.2801338166549677e-06
841,4.267112722183226e-07
842,8.534225444366452e-07
843,1.2801338166549677e-06
844,1.2801338166549677e-06
845,4.267112722183226e-07
846,4.267112722183226e-07
847,1.2801338166549677e-06
848,1.2801338166549677e-06
849,4.267112722183226e-07
850,1.2801338166549677e-06
851,4.267112722183226e-07
852,1.2801338166549677e-06
853,4.267112722183226e-07
854,8.534225444366452e-07
855,8.534225444366452e-07
856,8.534225444366452e-07
857,1.2801338166549677e-06
858,4.267112722183226e-07
859,4.267112722183226e-07
860,2.1335563610916127e-06
861,0.0
862,4.267112722183226e-07
863,1.2801338166549677e-06
864,8.534225444366452e-07
865,1.7068450888732903e-06
866,0.0
867,4.267112722183226e-07
868,8.534225444366452e-07
869,0.0
870,8.534225444366452e-07
871,0.0
872,4.267112722183226e-07
873,4.267112722183226e-07
874,0.0
875,1.2801338166549677e-06
876,4.267112722183226e-07
877,1.2801338166549677e-06
878,8.534225444366452e-07
879,4.267112722183226e-07
880,0.0
881,4.267112722183226e-07
882,8.534225444366452e-07
883,0.0
884,4.267112722183226e-07
885,1.2801338166549677e-06
886,4.267112722183226e-07
887,2.1335563610916127e-06
888,0.0
889,4.267112722183226e-07
890,8.534225444366452e-07
891,0.0
892,4.267112722183226e-07
893,0.0
894,4.267112722183226e-07
895,0.0
896,8.534225444366452e-07
897,0.0
898,8.534225444366452e-07
899,8.534225444366452e-07
901,0.0
904,4.267112722183226e-07
905,0.0
906,0.0
908,1.2801338166549677e-06
909,0.0
910,4.267112722183226e-07
911,4.267112722183226e-07
912,8.534225444366452e-07
914,0.0
915,0.0
916,0.0
918,8.534225444366452e-07
919,0.0
920,0.0
921,0.0
922,4.267112722183226e-07
923,4.267112722183226e-07
924,0.0
926,0.0
928,4.267112722183226e-07
929,0.0
930,4.267112722183226e-07
931,0.0
932,4.267112722183226e-07
933,4.267112722183226e-07
934,8.534225444366452e-07
935,0.0
936,4.267112722183226e-07
937,4.267112722183226e-07
938,0.0
939,4.267112722183226e-07
940,0.0
942,4.267112722183226e-07
943,1.2801338166549677e-06
944,4.267112722183226e-07
945,4.267112722183226e-07
946,4.267112722183226e-07
949,4.267112722183226e-07
950,4.267112722183226e-07
951,4.267112722183226e-07
952,8.534225444366452e-07
953,4.267112722183226e-07
955,0.0
956,1.2801338166549677e-06
957,0.0
959,0.0
960,0.0
961,0.0
962,4.267112722183226e-07
963,0.0
966,4.267112722183226e-07
967,0.0
968,4.267112722183226e-07
970,8.534225444366452e-07
973,4.267112722183226e-07
974,0.0
975,4.267112722183226e-07
976,0.0
977,0.0
978,4.267112722183226e-07
979,4.267112722183226e-07
980,0.0
981,4.267112722183226e-07
984,0.0
985,0.0
987,0.0
989,0.0
990,1.2801338166549677e-06
991,8.534225444366452e-07
992,8.534225444366452e-07
994,4.267112722183226e-07
996,8.534225444366452e-07
998,8.534225444366452e-07
999,4.267112722183226e-07
1000,4.267112722183226e-07
1001,8.534225444366452e-07
1002,4.267112722183226e-07
1003,4.267112722183226e-07
1004,0.0
1005,0.0
1006,4.267112722183226e-07
1007,0.0
1008,0.0
1010,0.0
1014,0.0
1015,4.267112722183226e-07
1016,0.0
1019,4.267112722183226e-07
1021,4.267112722183226e-07
1023,4.267112722183226e-07
1024,0.0
1025,4.267112722183226e-07
1027,0.0
1028,4.267112722183226e-07
1029,0.0
1031,0.0
1033,0.0
1040,0.0
1045,0.0
1047,4.267112722183226e-07
1049,0.0
1055,0.0
1061,0.0
1062,4.267112722183226e-07
1068,0.0
1070,4.267112722183226e-07
1077,0.0
1085,4.267112722183226e-07
1092,0.0
1096,4.267112722183226e-07
1100,0.0
1103,0.0
1113,4.267112722183226e-07
1135,4.267112722183226e-07
1144,0.0
1155,4.267112722183226e-07
1175,4.267112722183226e-07
1179,0.0
1191,0.0
1209,4.267112722183226e-07
1221,0.0
1222,4.267112722183226e-07
1228,0.0
1233,0.0
1235,0.0
1237,4.267112722183226e-07
1243,0.0
1252,4.267112722183226e-07
1263,8.534225444366452e-07
1265,4.267112722183226e-07
1266,0.0
1272,4.267112722183226e-07
1293,4.267112722183226e-07
1307,0.0
1311,0.0
1312,4.267112722183226e-07
1318,0.0
1321,0.0
